seed,train_time_s,l1_penalty,epochs_run,train_loss_total,train_loss_rec_x1,train_loss_rec_x2,train_loss_kl_z1,train_loss_kl_z2,train_loss_pred_x2,train_mse_x1_rec,train_mse_x2_rec,train_mse_x2_pred,train_ev_x1_rec,train_ev_x2_rec,train_ev_x2_pred,train_acc_x1_rec,train_acc_x2_rec,train_acc_x2_pred,train_pcorr_x2_pred,train_z2_pred_mse,train_z2_pred_r_mean,train_active_z1,train_active_z2,test_loss_total,test_loss_rec_x1,test_loss_rec_x2,test_loss_kl_z1,test_loss_kl_z2,test_loss_pred_x2,test_mse_x1_rec,test_mse_x2_rec,test_mse_x2_pred,test_ev_x1_rec,test_ev_x2_rec,test_ev_x2_pred,test_acc_x1_rec,test_acc_x2_rec,test_acc_x2_pred,test_pcorr_x2_pred,test_z2_pred_mse,test_z2_pred_r_mean,test_active_z1,test_active_z2
0,10.440515041351318,0.02500317431986332,200,868.4418334960938,272.03558349609375,361.4446716308594,4.555525779724121,13.777994155883789,216.60302734375,0.43197721242904663,0.2809138894081116,0.5616320967674255,0.5680228173732758,0.5565413236618042,0.11339157819747925,0.7272656959431599,0.7488749021813402,0.31028054903154795,0.26898819689964953,4.520349502563477,0.4392058849334717,1,4,887.3917236328125,285.200927734375,375.5013427734375,4.398754119873047,12.830465316772461,209.43521118164062,0.44373124837875366,0.2944003939628601,0.541321873664856,0.5426313877105713,0.5171353220939636,0.11214375495910645,0.7278813337662808,0.721906693864928,0.3156329178538187,0.2759925692233526,4.063718318939209,0.4752230644226074,1,4
1,10.538327932357788,0.030492069199681282,200,871.3421020507812,274.31585693359375,366.86749267578125,3.3888185024261475,12.888559341430664,213.85081481933594,0.43557748198509216,0.28358182311058044,0.553956151008606,0.5644225478172302,0.5523296296596527,0.12550896406173706,0.7332503790975299,0.7429342384441406,0.3330688756583279,0.29457280644619216,4.216524124145508,0.5100963711738586,1,4,902.4476318359375,286.9429626464844,392.79864501953125,3.320767402648926,11.50963306427002,207.84512329101562,0.4471322298049927,0.3062416613101959,0.540221631526947,0.5391258895397186,0.49771368503570557,0.11394840478897095,0.7367324088859737,0.7062684680995792,0.31794963317669067,0.28018261348952656,3.654846429824829,0.5075868964195251,1,4
2,9.959446668624878,0.02286522649228573,200,857.2660522460938,267.0888977050781,361.05078125,3.6349117755889893,12.584010124206543,212.8845672607422,0.4245927035808563,0.2800597846508026,0.5519495010375977,0.5754073262214661,0.5578896403312683,0.12867677211761475,0.7363092918615469,0.7465438486122653,0.33722744193954585,0.29930774976818586,3.903151750564575,0.4036075472831726,1,4,878.4636840820312,278.96337890625,377.95916748046875,3.5686240196228027,11.660099983215332,206.28952026367188,0.4332471787929535,0.2956710755825043,0.5347246527671814,0.5534376502037048,0.5150511860847473,0.12296426296234131,0.7376696125923576,0.7179750391716151,0.3358142955512122,0.29641692923331553,3.468459129333496,0.45683997869491577,1,4
3,10.019577026367188,0.01949545182287693,200,879.9758911132812,270.32965087890625,375.6371765136719,4.07029390335083,13.228163719177246,216.69113159179688,0.43006858229637146,0.29205644130706787,0.5607572793960571,0.5699314475059509,0.5389513671398163,0.11477255821228027,0.7369503325563717,0.7380635874541353,0.318685678828907,0.2725055502526551,4.131823539733887,0.48235589265823364,1,4,899.9307861328125,281.3663330078125,393.6656188964844,3.950049877166748,11.66256332397461,209.2667236328125,0.4368244707584381,0.30687215924263,0.5432168841362,0.549750417470932,0.4966796040534973,0.10903573036193848,0.7385132501990171,0.7096998871984234,0.3158170181041777,0.2595737726716568,3.626361608505249,0.4903097152709961,1,4
4,9.522533178329468,0.023887287825345993,200,858.318359375,267.52801513671875,362.6219177246094,3.6520259380340576,11.834993362426758,212.657470703125,0.4255600571632385,0.28013306856155396,0.5506710410118103,0.5744399428367615,0.5577739477157593,0.13069498538970947,0.7346283174868834,0.7463472435572079,0.3398451159433146,0.2998255526271312,3.2150630950927734,0.46238648891448975,1,4,886.270263671875,278.54425048828125,386.5884704589844,3.6149892807006836,10.595701217651367,206.90289306640625,0.4328930079936981,0.3004021942615509,0.537421703338623,0.5538026988506317,0.5072913765907288,0.1185407042503357,0.7365029339731363,0.7124090561430605,0.3274649025480937,0.2826728722095257,2.740772008895874,0.4881827235221863,1,4
5,9.99056100845337,0.010369913652539253,200,835.7964477539062,264.35040283203125,338.1500549316406,4.3193440437316895,13.156988143920898,215.80935668945312,0.4213199317455292,0.2622641324996948,0.5576663613319397,0.5786800980567932,0.5859823524951935,0.11965197324752808,0.7397116390289856,0.7673557367621416,0.3219918950837917,0.2840571883011732,3.342514991760254,0.3949536979198456,1,4,859.54833984375,274.7622375488281,359.25323486328125,4.220035552978516,12.185379028320312,209.1171112060547,0.4268248677253723,0.28127095103263855,0.5430344343185425,0.5600573420524597,0.5386697053909302,0.10933494567871094,0.7371089099937477,0.7362695105964874,0.3103868152320818,0.26581464138254374,3.0444424152374268,0.3684723377227783,1,4
6,9.56481385231018,0.016217298805713654,200,865.4588623046875,275.2514343261719,359.6250305175781,4.082808017730713,12.635037422180176,213.8483123779297,0.4371643364429474,0.2793196141719818,0.5541114807128906,0.562835693359375,0.5590580999851227,0.12526386976242065,0.7329005530950884,0.7502868308176468,0.33274159716802765,0.2954042477859912,3.6980700492858887,0.43703693151474,1,4,888.9544677734375,286.80059814453125,378.58660888671875,4.039798736572266,11.876326560974121,207.63491821289062,0.4468710422515869,0.29600417613983154,0.5394572615623474,0.5393950939178467,0.5145048499107361,0.11520206928253174,0.7326272049316879,0.720397597741548,0.32170828450456956,0.2893465246509332,3.358839511871338,0.4620116949081421,1,4
7,9.386060237884521,0.022220352664589882,200,857.8706665039062,271.17913818359375,354.7589416503906,3.6636462211608887,13.620511054992676,214.62619018554688,0.43162301182746887,0.274493932723999,0.5558129549026489,0.5683770179748535,0.5666760504245758,0.12257784605026245,0.7353823344199738,0.7511663433376979,0.33167170507169597,0.28964708920652915,4.348021030426025,0.391628623008728,1,4,883.556640625,282.03009033203125,374.3789978027344,3.5569310188293457,12.72346019744873,210.844970703125,0.43877753615379333,0.2917119860649109,0.5473014116287231,0.547737330198288,0.5215447545051575,0.10233640670776367,0.738518595851908,0.7219954817790692,0.30105651571476744,0.2437419920748642,3.961350440979004,0.35761457681655884,1,4
8,10.28534197807312,0.021913981065154076,200,914.7479858398438,275.5765075683594,411.59954833984375,3.591991424560547,10.318987846374512,213.6391143798828,0.43793636560440063,0.3196733891963959,0.553293764591217,0.5620636641979218,0.49535447359085083,0.1265546679496765,0.73308252965791,0.6987997778733107,0.3365693906399388,0.2972654906119352,2.823662281036377,0.521260678768158,1,4,937.1881103515625,287.94073486328125,428.5316162109375,3.497127056121826,9.419805526733398,207.77688598632812,0.4479573965072632,0.3357437252998352,0.5399523973464966,0.5382753312587738,0.4493255019187927,0.11438995599746704,0.7361804202247058,0.6667629523188222,0.3213240691378332,0.28581383270391386,2.4779763221740723,0.5291134715080261,1,4
9,8.655885934829712,0.017463231459259987,200,857.3681030273438,271.8540344238281,353.8103332519531,3.7832350730895996,12.972503662109375,214.93055725097656,0.4323815703392029,0.27404889464378357,0.5561355948448181,0.5676184594631195,0.5673786103725433,0.12206846475601196,0.73624429636206,0.7543270580403968,0.3290321210130325,0.2873226389530979,3.766690254211426,0.3984346389770508,1,4,878.35546875,280.9533996582031,371.8489685058594,3.7556262016296387,12.426658630371094,209.35336303710938,0.43756115436553955,0.2911696434020996,0.5441741347312927,0.5489910840988159,0.522434264421463,0.10746562480926514,0.7397847985161019,0.7249135534651787,0.3077023512254746,0.2721637319917968,3.5779714584350586,0.36231204867362976,1,4
